An,Chu Duc,18125011,18CTT,male,425262674,1/1/2000,2018,0
Tam,Nguyen Ngoc Bang,18125012,18CTT,female,345262681,2/3/2000,2018,0
Phat,Huynh Tan,18125013,18CTT,male,847262697,9/1/2000,2018,0
Phu,Dao Thien,18125014,18CTT,male,284812648,1/6/2000,2018,0
Dat,Huynh Gia,18125015,18CTT,male,365262663,9/10/2000,2018,0
Khang,Pham Hoang,18125016,18CTT,male,471157259,17/6/2000,2018,0
Toan,Nguyen Tran Ba,18125017,18CTT,male,15984572,19/7/2000,2018,0
Anh,Tran Hai,18125018,18CTT,female,571432674,21/9/2000,2018,0
Phuong,Quan Bao,18125019,18CTT,female,324156726,2/4/2000,2018,0
An,Quach Tan,18125020,18CTT,male,152462148,6/11/2000,2018,0
Dat,Nguyen Hoang Gia,18125021,18CTT,male,214567345,24/12/2000,2018,0
Khue,Tran Phan Ngoc,18125022,18CTT,female,254618432,12/7/2000,2018,0
Mai,Nguyen Sao,18125023,18CTT,female,324516785,12/6/2000,2018,0
Hieu,Ly Trung,18125024,18CTT,male,471356842,25/5/2000,2018,0
Minh,Le Hoang,18125025,18CTT,male,314641249,7/7/2000,2018,0
Phuc,Nguyen Lam Trong,18125026,18CTT,male,345176914,21/6/2000,2018,0
Bao,Vo Trong,18125027,18CTT,male,145267154,5/2/2000,2018,0
Nguyet,Tran Le Minh,18125028,18CTT,female,412675431,15/3/2000,2018,0
Khanh,Truong Nam,18125029,18CTT,male,456123741,12/8/2000,2018,0
Dieu,Huynh Hien,18125030,18CTT,male,321741852,30/5/2000,2018,0
Hieu,Le Vo Trung,18125031,18CTT,male,351454126,9/11/2000,2018,0
Tri,Nguyen Khoa Dinh,18125032,18CTT,male,3641542162,28/12/2000,2018,0
Khoa,Truong Tan,18125033,18CTT,male,351542564,28/4/2000,2018,0
Nguyen,Truong Minh Phuc,18125034,18CTT,male,315542691,6/8/2000,2018,0
Phuoc,Huynh Nguyen Anh,18125035,18CTT,male,245617524,29/7/2000,2018,0
Huu,Nguyen Le Thien,18125036,18CTT,male,264152342,10/4/2000,2018,0
Long,Nguyen Hoang,18125037,18CTT,male,241648246,18/5/2000,2018,0
Khoi,Tran Anh,18125038,18CTT,male,651428462,7/4/2000,2018,0
Duc,Nguyen Tu,18125039,18CTT,male,314257865,19/3/2000,2018,0
Tu,Nguyen Kha,18125040,18CTT,female,352424114,14/6/2000,2018,0
Danh,Le Dat,18125041,18CTT,male,264514578,6/7/2000,2018,0
Phu,Nguyen Thanh,18125042,18CTT,male,345168724,10/1/2000,2018,0
Khanh,Nghiem Dinh,18125043,18CTT,male,341562789,19/5/2000,2018,0
Thao,Pham Phung Thanh,18125044,18CTT,female,345187829,3/6/2000,2018,0
Loc,Tran Tu,18125045,18CTT,male,364151964,9/10/2000,2018,0
Khang,Du Gia,18125046,18CTT,male,654213597,21/11/2000,2018,0
Vy,Tang Tue,18125047,18CTT,male,354167926,15/4/2000,2018,0
Ngan,Duong Ho Bao,18125048,18CTT,female,364298615,4/5/2000,2018,0
Phong,Nguyen Thanh,18125049,18CTT,male,264578126,9/6/2000,2018,0
Tan,Tran Dich,18125050,18CTT,male,391512814,29/9/2000,2018,0
Phuong,Tran Nhu,18125051,18CTT,male,142987564,13/1/2000,2018,0
Anh,Nguyen Van,18125052,18CTT,female,224114567,25/8/2000,2018,0
Trung,Au Tan,18125053,18CTT,male,35124361,19/12/2000,2018,0
San,Nguyen Thanh,18125054,18CTT,male,315426879,9/12/2000,2018,0
Dat,Bui Duong Hoang,18125055,18CTT,male,365412897,10/10/2000,2018,0
Danh,Bui Minh Huy,18125056,18CTT,male,336547123,12/11/2000,2018,0
Bao,Ngo Gia,18125057,18CTT,male,264578329,6/8/2000,2018,0
Kien,Nguyen Trung,18125058,18CTT,male,354418678,1/9/2000,2018,0
