Bach,Ly Thanh,17125001,17CTT,male,391459710,1/2/1999,2017,0
Huy,Nguyen Bao,17125002,17CTT,male,391459711,2/3/1999,2017,0
Vy,Luong Trieu,17125003,17CTT,male,391459712,3/4/1999,2017,0
Dat,Nguyen Hoang Vinh,17125004,17CTT,male,391459713,4/5/1999,2017,0
Cuong,Luong Minh,17125005,17CTT,male,391459714,5/6/1999,2017,0
Danh,Pham Cong,17125006,17CTT,male,391459715,6/7/1999,2017,0
Duy,Bui Khanh,17125007,17CTT,male,391459716,7/8/1999,2017,0
Duy,Tran Anh,17125008,17CTT,male,391459717,8/9/1999,2017,0
Tung,Vo Duy,17125009,17CTT,male,391459718,9/10/1999,2017,0
Khanh,Du Quoc,17125010,17CTT,male,391459719,10/11/1999,2017,0
Han,Tiet Gia,17125011,17CTT,male,391459720,12/12/1999,2017,0
Giao,Truong Van Phuc,17125012,17CTT,male,391459721,13/1/1999,2017,0
Len,Cao Van,17125013,17CTT,male,391459722,14/2/1999,2017,0
Hieu,Tat Du Thi,17125014,17CTT,female,391459723,15/3/1999,2017,0
Ngan,Le Phan Minh My Kim,17125015,17CTT,female,391459724,16/4/1999,2017,0
Qui,Tran Truong Nhut,17125016,17CTT,male,391459725,17/5/1999,2017,0
Huy,Do Quoc,17125017,17CTT,male,391459726,18/6/1999,2017,0
Hoa,Huynh Duc,17125018,17CTT,male,391459727,19/7/1999,2017,0
Mai,Nguyen Huong,17125019,17CTT,female,391459728,20/8/1999,2017,0
Duong,Nguyen Hai,17125020,17CTT,male,391459729,21/9/1999,2017,0
Long,Tran Hung Hai,17125021,17CTT,male,391459730,22/10/1999,2017,0
Hau,Nguyen Minh,17125022,17CTT,male,391459731,23/11/1999,2017,0
Hien,Truong Huynh,17125023,17CTT,male,391459732,24/12/1999,2017,0
Khang,Nguyen Tran Anh,17125024,17CTT,male,391459733,25/1/1999,2017,0
Khoa,Nguyen Huynh Duy,17125025,17CTT,male,391459734,26/2/1999,2017,0
Khiem,Nguyen Thien,17125026,17CTT,male,391459735,27/3/1999,2017,0
Dat,Dang Hoang,17125027,17CTT,male,391459736,28/4/1999,2017,0
Khoa,Phan Quoc,17125028,17CTT,male,391459737,29/5/1999,2017,0
Khai,Mai Hoang,17125029,17CTT,male,391459738,30/6/1999,2017,0
Long,Nguyen Hai Phi,17125030,17CTT,male,391459739,1/7/1999,2017,0
Luan,Phan Vo Duy,17125031,17CTT,male,391459740,2/8/1999,2017,0
Quan,Le Minh,17125032,17CTT,male,391459741,3/9/1999,2017,0
Tri,Le Minh,17125033,17CTT,male,391459742,4/10/1999,2017,0
Nguyen,Nguyen Ngoc,17125034,17CTT,male,391459743,5/1/1999,2017,0
Tri,Tran Minh,17125035,17CTT,male,391459744,6/2/1999,2017,0
Nam,Nguyen Phuong,17125036,17CTT,male,391459745,7/3/1999,2017,0
Nguyen,Cu Khoi,17125037,17CTT,male,391459746,8/4/1999,2017,0
Thuong,Nguyen Hoai,17125038,17CTT,female,391459747,9/5/1999,2017,0
Loc,Nguyen Hoang,17125039,17CTT,male,391459748,10/6/1999,2017,0
Phuc,Nguyen Hanh,17125040,17CTT,female,391459749,11/7/1999,2017,0
Long,Nguyen Trieu,17125041,17CTT,male,391459750,12/8/1999,2017,0
Minh,Nguyen Nhat,17125042,17CTT,male,391459751,13/9/1999,2017,0
Thuan,Nguyen Kinh Quang,17125043,17CTT,male,391459752,14/10/1999,2017,0
Ngoc,Hau Vo Bao,17125044,17CTT,male,391459753,15/11/1999,2017,0
Diep,Hoang Ngoc,17125045,17CTT,female,391459754,16/12/1999,2017,0
Nhan,Nguyen Tri,17125046,17CTT,male,391459755,17/1/1999,2017,0
Oai,Phan Quoc,17125047,17CTT,male,391459756,18/2/1999,2017,0